employee_id,first_name,last_name,telephone
bc72c4650ac14605b44ace805849a756,Harrison,Pollich,+4982239907089
a38ff48f6b54412394ff825f30f10e7c,Jesus,Gulgowski,+4958665228158
fb0e39097e57463faa0b2c1e9aafcb10,Annabell,Beer,+49927507560617
57e853393ee247c0929a6cc05b880497,Florian,Wisoky,+4958694108419
d86ef334281c499a81a54189bffe79ab,Gerald,McKenzie,+4939145018105
8f0f40b160d94774a28bfe6c8b604331,Maud,Kutch,+4974247614656
4f3cfbf4bb864a05afc8812f39895e54,Caden,Weissnat,+4992200190639
cb3bd9e3bdf9451c823715b358bf5cae,Autumn,Swift,+49548581350631
0a1b67da627b4c83a0bf2b76155b893e,Mathilde,Auer,+4931865352880
f8cd2759942a49df90e121e2c40f30e9,Raoul,Kshlerin,+4968339170966
0fa32a58bb1348ebac6aca4123d887b6,Marjory,Jacobs,+49177484669805
d62212d5c0a94d8a93eb88c43c116409,Garland,McClure,+4943821519748
14113108e0fb49db8bd158f75384ad4b,Aliya,Kozey,+4955651801160
cc7a7ab291d440e09706b182a66658f3,Ralph,Kshlerin,+49774710948800
5151e55f5c62474e9b66f1dedba485e0,Kellie,Borer,+49397779588802
e60f1eaad5734d6bb74e81a7de30d13e,Virgil,Brown,+49568872992943
7563b3fc40f6475698dedf0ae17b3994,Cruz,Upton-Bartoletti,+49692694666023
64e6adfe737141a6ac60afcf931ecefc,Odell,Mante,+4945509857497
b60c83ced59643ec9eaa68d025f4caf0,Iva,Bode,+4927181142212
53e6e7b63fdf485cb636e906d90c103a,Alec,Dooley,+4928949217726
f9cf5ec663664824870f236fa3eb1345,Cordia,Skiles,+49746541306479
7314c48b4461454e83b3df051d85841a,Katlynn,Franecki,+49015264401879
227f50ea73f648079fe539e73d97bda1,Otis,Vandervort,+49948953098531
f8366a601909457a9d48b48bff60a390,Fidel,Hettinger,+4938746412538
c94dfd7f0f374b52ac1848f9428b79d5,Theron,Hills,+49187887077588
06a7e01f4a27436091ed3b449599c241,Mertie,Wilkinson,+4954773865928
dec5a1950e904291803490f01f0f5b5b,Dessie,Rogahn,+49824600281086
734281aa581944beb898c815d1d3c0a8,Geo,Quitzon,+49119641501453
a79b929fab5f4623a28ea3dd8b6340b3,Sheldon,Halvorson,+49886996398559
faabafde0c664947b149745c68fbffb0,Jordane,Weissnat,+4956024433030
7d663b7ac17c4802b78aeba2a3d7097d,Ellen,Witting,+49248387148491
15b0dbae4c82400daa9edc34023919af,Jerad,Beer,+49592111159890
42cf008e488844919833aee3ce9fecaf,Arlene,Baumbach,+4915370385628
6697f0d3b503406cbdc1f56589957b12,Jonathan,Spencer,+4901791208568
6dca803340174f429a6af25c6699dfe3,Amber,Rempel,+4985947154598
80ee0da1cf8644dea615c0932c25330c,Andres,Parisian,+49917610632962
62aeaeded23e417e8a3c73b65c23b72b,Dangelo,Johnston,+4961017919921
6bbe5978c0de4786a70b3413b29f2e70,Josephine,Mohr,+4928237875876
eb65bfdb308c403698a367ef5040e857,Erica,Graham,+4901702512683
755493de2f7e45dba396a4bb5f64a1e7,Marie,Heaney,+4955824599952
1803d111bfad48ab9eb6f1801e8c8633,Milo,Lubowitz,+4954247769652
e061056b4fd34b0cab95faa9fcba5c66,Marguerite,Kilback-Nitzsche,+49351881282152
fe338b468f9e4fadbb6e3fefc3785878,Tanner,Parisian,+49607805763631
8cc35c669ba84e9492c054bdf708a683,Garfield,Beer,+4986144071319
e88ec1a05e8240b68fb39a91a20aaf7a,Stuart,Ruecker,+4907323695407
13be5628ff5347088df1d8c46fd54045,Tiara,Watsica,+49267635257970
083df3a3d0e4481ea0eaad9990920381,Omari,West,+4935263675499
d82dcb09b2174ffe8d1940ee1678f283,Kenny,Mann,+49818306948239
291b2a1358b146f0917fe30ec9066658,Dino,Hettinger,+49096649285577
b3aca66f8d1e4474acb102f157b6428c,Nicolette,Fritsch,+49812670706103
e9fae5523299449a8b71d9f22bc87f72,Hobart,Borer,+49648495564754
a32a2184d82841688c5e23d68d8c481c,Westley,Wilderman,+4987980393068
46741c6ed17d41c0af058a2eaeed2749,Shanna,Streich,+4961248902041
5e6242550ffe4ffc8f27235fb156f52d,Mitchell,Adams,+4965898284140
5a9a52e94fcf4dee8b6c725fc888ed77,Khalid,Klocko,+49230284585372
e963dbecd8f244aeb4d56ade7486977f,Wallace,Emmerich,+4969319526786
cbd7637b11fb4c79b29de83afa36f5cc,Kaela,VonRueden,+49397301905610
70f4f5c569c948819563ddbd7f94905e,Lysanne,Beahan,+49336544642694
a7b93bb7ad034b44bd24e8a8807f32fa,Asia,Marvin,+49192766573975
1c3e91469c83446c86561b18b6fb5383,Raul,Botsford,+4951741314215
d0e8c8c619364ac19c46e0e5154e8cf6,Mylene,Emard,+49548956967740
135e202cd60c45b595bb85d4cf93d8a7,Presley,Block,+4936828225521
2c109ad347294eb6a837e99a92318f58,Ross,Dietrich,+4993316036507
a6d016bc896241388f2b7477aee87a21,Amie,Schowalter,+49621607116625
7f69628ff51842bfb82e1c49644fec97,Vicente,Cummerata,+49453023017870
72791257044e49c3a081c8f2363fe038,Roslyn,Leannon,+49572035045967
f74e520daac843519bcd55b6ed9cd01b,Cristian,Brown,+49192226985712
2e76153064ed4fffa6e525bfd0fb0c9c,Kade,Champlin,+4953295315824
5e08eeaac2b247e6bed26b379fa452d3,Kenyatta,Mayert,+4930536782246
8a588b11b8454346bd1eecbffb5420af,Barbara,Dicki,+49546035382176
a6728b6c61f64a2eabd3e7a3458a5edc,Amya,Gerlach,+49838134543349
8b44c526808c4dcbaf14b0be29f04d0b,Julius,Goodwin,+4984530559122
ace278a1de134d51bc5e7353feb2301e,Kathryn,Kuhic,+4954191749991
5ffc46da34b2494fb9ea6dad9f290a11,Kenna,Kerluke,+4958088976063
ede92eda878741d48c1a414389bb7be0,Rosetta,Schulist,+49161259328185
1b139fc4e54c475aa5470c0f589204c6,Sandra,Klocko,+49043232082157
81b52b4412684604882df0e9ff9f064c,Nicholaus,Senger,+49664225313413
eb09fcbf982549f6ad90c3c5a35bc3ce,Michaela,Beer,+4984065677812
ee3f611b81c14de3896dc75e4c25b490,Nelson,Connelly,+49792448839707
a007f8a0b49a444681fd8c940fd85348,Fred,Ledner,+49743878192687
34123db3f9874a23b03d696f376c21d0,Lon,Kovacek,+4975592181172
0fe74cc751f54effadc7739cd7b61a91,Meghan,Breitenberg,+49431120819403
64e7a10703ff40b8853183ca08ab9fb8,Albin,Stiedemann,+49099974761164
b1824e44185f484cb48b60c17d306973,Anita,Parisian,+49119692966533
9055a7e807004fc4b576901b216f9d23,Athena,Turcotte,+4918839669956
f99874a7004f41fd8af875cc78e480eb,Flossie,Bartoletti,+4981249137155
5ffb6cdee79c42efaf58381d82e1a047,Lorenza,Grant,+4917121600756
448393e4bdee4231b5175d9d24971a88,Jenifer,Spinka,+49164962050904
ec712219f57546be9ac8c89ba7bbe972,Virginie,Feest-Ward,+4923426374915
d6bc67f3783349b19490d409f4249812,Izaiah,Keeling,+4982025245736
e26d049d77c345b4a319fc742f28247b,Jessica,Altenwerth-Pacocha,+49918681336013
bab77ea3e1cb4591bc6ac5f9ab8a3526,Cynthia,Effertz,+49407148600082
827385419d924c87a619911830987080,Reta,Casper,+4966658262884
ea9d510636af42478d9cc7f7ab970923,Abbey,Grant,+4999592463637
41fba6db4a7046c082214248aa00bdf9,Troy,Altenwerth,+49917091819434
c79249ed081f41a085bbf981f05ac5f2,Theo,Legros,+49999237018003
3a28d7e42aee49c58cb812241884472a,Wendy,Howe-Mann,+4942364921216
39eb9b580dcf42ada2748f2504c2c968,Greg,Morissette,+4997322310498
4240d9a666e143368bb3fd17f63c9680,Jason,Russel,+49584349094164
8ffe09da85654af3ab14c6a0f6fae7c6,Scotty,Lueilwitz,+4910203646998